name,time,Status
Baby_status,1709340309445130588,Crying
Baby_status,1709884388800643845,not crying
Baby_status,1709884412007205590,crying
Baby_status,1709886906284639534,crying
Baby_status,1709886944471305320,crying
Baby_status,1709886947113091227,crying
Baby_status,1709886948557491639,crying
Baby_status,1709951914417274380,crying
Baby_status,1709951957556774735,not crying
Baby_status,1709951986365234966,crying
Baby_status,1709962342173574622,crying
Baby_status,1709962424791885373,crying
Baby_status,1709962429369142275,crying
Baby_status,1709962435208574864,crying
Baby_status,1709962439730369236,not crying
Baby_status,1709962444733153992,crying
Baby_status,1709962450054590940,crying
Baby_status,1709962455335224202,crying
Baby_status,1709962459892731925,crying
Baby_status,1709962464848708755,not crying
Baby_status,1709962469686550703,not crying
Baby_status,1709962475549383268,not crying
Baby_status,1709962479915700111,not crying
Baby_status,1709962490178386889,not crying
Baby_status,1709962495729370785,not crying
Baby_status,1709962499995967467,not crying
Baby_status,1709962504878289351,not crying
Baby_status,1709962510366287052,not crying
Baby_status,1709962516033029495,not crying
Baby_status,1709963920261267889,crying
Baby_status,1709963938240336838,not crying
Baby_status,1710005338693736679,not crying
Baby_status,1710005343536611726,not crying
Baby_status,1710005348513551939,not crying
Baby_status,1710005357481359433,not crying
Baby_status,1710005362796087909,crying
Baby_status,1710005367548870000,not crying
Baby_status,1710005373215335342,not crying
Baby_status,1710005378268603963,not crying
Baby_status,1710005383221098566,not crying
Baby_status,1710005389002886216,not crying
Baby_status,1710005393417350936,not crying
Baby_status,1710005398366285494,not crying
Baby_status,1710005403256347268,not crying
Baby_status,1710005408951908895,not crying
Baby_status,1710005413901235493,not crying
Baby_status,1710005419171160195,not crying
Baby_status,1710005424619807096,not crying
Baby_status,1710005429014447046,not crying
Baby_status,1710005434016706552,not crying
Baby_status,1710005438927183746,not crying
Baby_status,1710005444612179356,not crying
Baby_status,1710005448962842003,not crying
Baby_status,1710005453976067225,not crying
Baby_status,1710005459034404168,not crying
Baby_status,1710005464646923950,not crying
Baby_status,1710005469033149429,not crying
Baby_status,1710005473985615698,not crying
Baby_status,1710005479005648262,not crying
Baby_status,1710005484677380044,not crying
Baby_status,1710005489072005876,not crying
Baby_status,1710005494043510320,not crying
Baby_status,1710005499011591680,not crying
Baby_status,1710005504684736527,not crying
Baby_status,1710005509062796793,not crying
Baby_status,1710005517875525564,not crying
Baby_status,1710005522939772086,not crying
Baby_status,1710005527963470118,not crying
Baby_status,1710005533923846946,not crying
Baby_status,1710005538600745167,not crying
Baby_status,1710005543624395907,not crying
Baby_status,1710005549360160465,not crying
Baby_status,1710005553764736701,not crying
Baby_status,1710005558766127581,not crying
Baby_status,1710005563760783982,not crying
Baby_status,1710005569562391448,not crying
Baby_status,1710005573723262059,not crying
Baby_status,1710005578783395172,not crying
Baby_status,1710005583769305753,not crying
Baby_status,1710005589422223234,not crying
Baby_status,1710005594435988909,not crying
Baby_status,1710005599446268615,not crying
Baby_status,1710005605113940898,not crying
Baby_status,1710005609438559135,not crying
Baby_status,1710005614454764461,crying
Baby_status,1710005619530284740,crying
Baby_status,1710005625110445690,crying
Baby_status,1710005629489488346,not crying
Baby_status,1710005634577020034,not crying
Baby_status,1710005639403653174,not crying
Baby_status,1710005645131023256,not crying
Baby_status,1710005649416554298,not crying
Baby_status,1710005654415453488,not crying
Baby_status,1710005659460963236,not crying
Baby_status,1710005664400533117,not crying
Baby_status,1710005669429390702,not crying
Baby_status,1710005674426748115,not crying
Baby_status,1710005679420644582,not crying
Baby_status,1710005685216568413,not crying
Baby_status,1710005689497380335,not crying
Baby_status,1710005694587941157,not crying
Baby_status,1710005699585075441,not crying
Baby_status,1710005705200713699,not crying
Baby_status,1710005709670367279,not crying
Baby_status,1710005714570186389,crying
Baby_status,1710005719552648115,n/a
Baby_status,1710005719553103634,n/a
Baby_status,1710005725226605307,n/a
Baby_status,1710005725227262492,n/a
Baby_status,1710005729552099135,not crying
Baby_status,1710005734690709301,crying
Baby_status,1710005739860683522,crying
Baby_status,1710005745251826178,crying
Baby_status,1710005749691657272,crying
Baby_status,1710005754680530380,crying
Baby_status,1710005759728459465,crying
Baby_status,1710005765269420071,crying
Baby_status,1710005769731171691,not crying
Baby_status,1710005774501503647,not crying
Baby_status,1710005779672949143,not crying
Baby_status,1710005785280341808,not crying
Baby_status,1710005789624226807,not crying
Baby_status,1710005794662524305,not crying
Baby_status,1710005799647365279,not crying
Baby_status,1710005805401574539,not crying
Baby_status,1710005809632343191,not crying
Baby_status,1710005814607212668,not crying
Baby_status,1710005819604593616,not crying
Baby_status,1710005825312223976,not crying
Baby_status,1710005829606306186,not crying
Baby_status,1710005834663267770,not crying
Baby_status,1710005839665830114,not crying
Baby_status,1710005845322283189,not crying
Baby_status,1710005849689438706,not crying
Baby_status,1710005854626214634,not crying
Baby_status,1710005859751862205,not crying
Baby_status,1710005865361270098,not crying
Baby_status,1710005869661893900,not crying
Baby_status,1710005874657574549,not crying
Baby_status,1710005879636582270,not crying
Baby_status,1710005885383462533,not crying
Baby_status,1710005889664380167,not crying
Baby_status,1710005894714204765,not crying
Baby_status,1710005899657199881,not crying
Baby_status,1710005905398462758,not crying
Baby_status,1710005909683147466,not crying
Baby_status,1710005914819687297,not crying
Baby_status,1710005919681537611,not crying
Baby_status,1710005925390366311,not crying
Baby_status,1710005929666488023,not crying
Baby_status,1710005934787172818,not crying
Baby_status,1710005939794713405,not crying
Baby_status,1710005945399095149,not crying
Baby_status,1710005949829896357,not crying
Baby_status,1710005954914585345,not crying
Baby_status,1710005959761010922,not crying
Baby_status,1710005965517090009,not crying
Baby_status,1710005969739933229,not crying
Baby_status,1710005974711418856,not crying
Baby_status,1710005979798072907,not crying
Baby_status,1710005985420073870,not crying
Baby_status,1710005989789107856,not crying
Baby_status,1710005994801020932,not crying
Baby_status,1710005999721707575,not crying
Baby_status,1710006005418476917,not crying
Baby_status,1710006009696801708,not crying
Baby_status,1710006014814243253,not crying
Baby_status,1710006019751351377,not crying
Baby_status,1710006024701920151,not crying
Baby_status,1710006029739754789,not crying
Baby_status,1710006034729780704,not crying
Baby_status,1710006039743579473,not crying
Baby_status,1710006045457518619,not crying
Baby_status,1710006049756129458,not crying
Baby_status,1710006054794362727,not crying
Baby_status,1710006059811380773,not crying
Baby_status,1710006065461551465,not crying
Baby_status,1710006069782364995,not crying
Baby_status,1710006074785749125,not crying
Baby_status,1710006079751843139,not crying
Baby_status,1710006085484043935,not crying
Baby_status,1710006089812279628,not crying
Baby_status,1710006094772325321,not crying
Baby_status,1710006099760549579,not crying
Baby_status,1710006105505535242,not crying
Baby_status,1710006109829842613,not crying
Baby_status,1710006114815346504,not crying
Baby_status,1710006119820093053,not crying
Baby_status,1710006124771409274,not crying
Baby_status,1710006129843333485,not crying
Baby_status,1710006134822918855,not crying
Baby_status,1710006139812699255,not crying
Baby_status,1710006145512486231,not crying
Baby_status,1710006149908833760,not crying
Baby_status,1710006154890075682,not crying
Baby_status,1710006159844132968,not crying
Baby_status,1710006165542471043,not crying
Baby_status,1710006169943657710,not crying
Baby_status,1710006174890186356,not crying
Baby_status,1710006179914320324,not crying
Baby_status,1710006185533886369,not crying
Baby_status,1710006189891825769,not crying
Baby_status,1710006194934246842,not crying
Baby_status,1710006199946449485,not crying
Baby_status,1710006205554069833,not crying
Baby_status,1710006209964639872,not crying
Baby_status,1710006215028414714,not crying
Baby_status,1710006219951565608,not crying
Baby_status,1710006225536334042,not crying
Baby_status,1710006229878835538,not crying
Baby_status,1710006234904366116,not crying
Baby_status,1710006239870208724,not crying
Baby_status,1710006245552174788,not crying
Baby_status,1710006249992282498,not crying
Baby_status,1710006255005046016,not crying
Baby_status,1710006259998543981,not crying
Baby_status,1710006265558815016,not crying
Baby_status,1710006269914033712,not crying
Baby_status,1710006274895794863,not crying
Baby_status,1710006279907059517,not crying
Baby_status,1710006285568433582,not crying
Baby_status,1710006289904339919,not crying
Baby_status,1710006294918663958,not crying
Baby_status,1710006299978883268,not crying
Baby_status,1710006305569162755,not crying
Baby_status,1710006309937381039,not crying
Baby_status,1710006315068536488,not crying
Baby_status,1710006320001604266,not crying
Baby_status,1710006325568863075,crying
Baby_status,1710006329964531133,crying
Baby_status,1710006335133156014,crying
Baby_status,1710006340040331712,not crying
Baby_status,1710006345587817800,crying
Baby_status,1710006350085878300,crying
Baby_status,1710006355098402156,not crying
Baby_status,1710006360103668125,crying
Baby_status,1710006365746609806,crying
Baby_status,1710006369998236971,crying
Baby_status,1710006374993438249,crying
Baby_status,1710006380115407186,not crying
Baby_status,1710006385815678804,not crying
Baby_status,1710006389983465689,not crying
Baby_status,1710006394901470573,not crying
Baby_status,1710006399943486459,not crying
Baby_status,1710006405592852276,not crying
Baby_status,1710006409953182239,not crying
Baby_status,1710006414914548195,not crying
Baby_status,1710006419911743985,not crying
Baby_status,1710006425589364728,not crying
Baby_status,1710006429896362953,not crying
Baby_status,1710006434935981636,not crying
Baby_status,1710006439963927706,not crying
Baby_status,1710006445596584655,not crying
Baby_status,1710006450044520087,not crying
Baby_status,1710006454970770043,not crying
Baby_status,1710006460068233867,not crying
Baby_status,1710006465627223784,not crying
Baby_status,1710006469982596407,not crying
Baby_status,1710006474977931097,not crying
Baby_status,1710006479960863020,not crying
Baby_status,1710006485737098956,not crying
Baby_status,1710006489999795176,not crying
Baby_status,1710006495029988202,not crying
Baby_status,1710006499998355081,not crying
Baby_status,1710006505651379144,not crying
Baby_status,1710006510092089477,not crying
Baby_status,1710006514981762351,not crying
Baby_status,1710006520073280296,not crying
Baby_status,1710006525656316163,not crying
Baby_status,1710006530001597705,not crying
Baby_status,1710006535143952887,not crying
Baby_status,1710006540021694042,not crying
Baby_status,1710006545654858090,not crying
Baby_status,1710006550013469909,not crying
Baby_status,1710006555047314155,not crying
Baby_status,1710006560001269550,not crying
Baby_status,1710006565662131695,not crying
Baby_status,1710006570118845806,not crying
Baby_status,1710006575114601070,not crying
Baby_status,1710006580214380893,not crying
Baby_status,1710006585689141626,not crying
Baby_status,1710006590071154687,not crying
Baby_status,1710006595045864925,not crying
Baby_status,1710006600113605069,not crying
Baby_status,1710006605701126692,not crying
Baby_status,1710006610010944735,not crying
Baby_status,1710006615015496967,not crying
Baby_status,1710006620009332829,not crying
Baby_status,1710006625953974544,not crying
Baby_status,1710006630090638108,not crying
Baby_status,1710006635084962880,not crying
Baby_status,1710006640228998727,not crying
Baby_status,1710006645702093762,not crying
Baby_status,1710006650078637068,not crying
Baby_status,1710006655071475967,not crying
Baby_status,1710006660142387112,not crying
Baby_status,1710006665715162818,not crying
Baby_status,1710006670182454635,not crying
Baby_status,1710006675187600219,not crying
Baby_status,1710006680068583136,not crying
Baby_status,1710006685931085767,not crying
Baby_status,1710006690110066813,not crying
Baby_status,1710006695064541526,not crying
Baby_status,1710006700124929176,not crying
Baby_status,1710006705726685998,not crying
Baby_status,1710006710101967136,not crying
Baby_status,1710006715153769662,not crying
Baby_status,1710006720231282157,not crying
Baby_status,1710006725728935001,not crying
Baby_status,1710006730086545108,not crying
Baby_status,1710006735070108226,not crying
Baby_status,1710006740111309646,not crying
Baby_status,1710006745813973494,not crying
Baby_status,1710006750117960023,not crying
Baby_status,1710006755084912324,not crying
Baby_status,1710006760112606729,not crying
Baby_status,1710006765737894362,not crying
Baby_status,1710006770187985034,not crying
Baby_status,1710006775366557558,not crying
Baby_status,1710006780058802405,not crying
Baby_status,1710006785729979478,not crying
Baby_status,1710006790201976343,not crying
Baby_status,1710006795108193049,not crying
Baby_status,1710006800150317747,not crying
Baby_status,1710006805736095011,not crying
Baby_status,1710006810054025581,not crying
Baby_status,1710006815152925201,not crying
Baby_status,1710006820113596472,not crying
Baby_status,1710006825759893510,not crying
Baby_status,1710006830107192900,not crying
Baby_status,1710006835355754358,not crying
Baby_status,1710006840257335462,not crying
Baby_status,1710006845778062852,not crying
Baby_status,1710006850253607244,not crying
Baby_status,1710006855119927118,not crying
Baby_status,1710006860166149108,not crying
Baby_status,1710006865848707038,not crying
Baby_status,1710006870100893690,not crying
Baby_status,1710006875092185792,not crying
Baby_status,1710006880152563645,not crying
Baby_status,1710006885854972224,crying
Baby_status,1710006890200366251,not crying
Baby_status,1710006895211557586,not crying
Baby_status,1710006900258841539,not crying
Baby_status,1710006905786525476,not crying
Baby_status,1710006910145886215,crying
Baby_status,1710006915214176325,crying
Baby_status,1710006920247314579,crying
Baby_status,1710006925934101399,crying
Baby_status,1710006930207413525,not crying
Baby_status,1710006935140379006,not crying
Baby_status,1710006940086678719,not crying
Baby_status,1710006945788725973,not crying
Baby_status,1710006950140071902,not crying
Baby_status,1710006955235894939,not crying
Baby_status,1710006960139591953,not crying
Baby_status,1710006965801272360,not crying
Baby_status,1710006970198432531,not crying
Baby_status,1710006975131234695,not crying
Baby_status,1710006980136786138,not crying
Baby_status,1710006985804555952,not crying
Baby_status,1710006990135965186,not crying
Baby_status,1710006995184734909,not crying
Baby_status,1710007000228074663,not crying
Baby_status,1710007005811213540,not crying
Baby_status,1710007010229710036,not crying
Baby_status,1710007015269775043,not crying
Baby_status,1710007020206548546,not crying
Baby_status,1710007025811248644,not crying
Baby_status,1710007030238436727,not crying
Baby_status,1710007035177249065,not crying
Baby_status,1710007040171711689,not crying
Baby_status,1710007045818479571,not crying
Baby_status,1710007050338599451,not crying
Baby_status,1710007055213667272,not crying
Baby_status,1710007060229903151,not crying
Baby_status,1710007065868872046,not crying
Baby_status,1710007070212599841,not crying
Baby_status,1710007075287699375,not crying
Baby_status,1710007080222835040,not crying
Baby_status,1710007085864473135,not crying
Baby_status,1710007090288002213,not crying
Baby_status,1710007095319745393,not crying
Baby_status,1710007100452127487,not crying
Baby_status,1710007105887371968,not crying
Baby_status,1710007110329908646,not crying
Baby_status,1710007115315755876,not crying
Baby_status,1710007120252521131,crying
Baby_status,1710007126367211594,crying
Baby_status,1710007130362056720,not crying
Baby_status,1710007135265762623,not crying
Baby_status,1710007140365680347,not crying
Baby_status,1710007146008517214,not crying
Baby_status,1710007150327046657,not crying
Baby_status,1710007155350795494,not crying
Baby_status,1710007160288535168,not crying
Baby_status,1710007165923979910,not crying
Baby_status,1710007170249595253,not crying
Baby_status,1710007175298342491,crying
Baby_status,1710007180427021963,crying
Baby_status,1710007186359057188,crying
Baby_status,1710007190403043468,crying
Baby_status,1710007195393127146,not crying
Baby_status,1710007200334423294,not crying
Baby_status,1710007206046462989,not crying
Baby_status,1710007210350539837,not crying
Baby_status,1710007215325384933,not crying
Baby_status,1710007220279316338,not crying
Baby_status,1710007226041956024,not crying
Baby_status,1710007230366003398,not crying
Baby_status,1710007235410257117,not crying
Baby_status,1710007240280464323,not crying
Baby_status,1710007246105636787,not crying
Baby_status,1710007250308743085,not crying
Baby_status,1710007255382732939,not crying
Baby_status,1710007260420827774,not crying
Baby_status,1710007266040179265,not crying
Baby_status,1710007270323419991,not crying
Baby_status,1710007275343716386,not crying
Baby_status,1710007280395958471,not crying
Baby_status,1710007285971755849,not crying
Baby_status,1710007290298243760,not crying
Baby_status,1710007295426985153,not crying
Baby_status,1710007300305401087,not crying
Baby_status,1710007305974536911,not crying
Baby_status,1710007310390715862,not crying
Baby_status,1710007315396279929,not crying
Baby_status,1710007320338423484,not crying
Baby_status,1710007325975267501,not crying
Baby_status,1710007330476442414,not crying
Baby_status,1710007335444583662,not crying
Baby_status,1710007340397977618,not crying
Baby_status,1710007345986650519,not crying
Baby_status,1710007350335126628,not crying
Baby_status,1710007355562572721,not crying
Baby_status,1710007360476137862,not crying
Baby_status,1710007366381214565,not crying
Baby_status,1710007370389200916,not crying
Baby_status,1710007375498310802,not crying
Baby_status,1710007380432904964,not crying
Baby_status,1710007386138904766,not crying
Baby_status,1710007390426257318,not crying
Baby_status,1710007395342541779,not crying
Baby_status,1710007400367412353,not crying
Baby_status,1710007406251567733,not crying
Baby_status,1710007410561027849,not crying
Baby_status,1710007416032892191,not crying
Baby_status,1710007420365773546,not crying
Baby_status,1710007426011025205,not crying
Baby_status,1710007430437193743,not crying
Baby_status,1710007435424265697,not crying
Baby_status,1710007440335137583,not crying
Baby_status,1710007446019040734,not crying
Baby_status,1710007450574303103,not crying
Baby_status,1710007455469044056,not crying
Baby_status,1710007460482037070,not crying
Baby_status,1710007466026146256,not crying
Baby_status,1710007470496031514,not crying
Baby_status,1710007475469467249,not crying
Baby_status,1710007480391261529,not crying
Baby_status,1710007486063011841,not crying
Baby_status,1710007490371528634,not crying
Baby_status,1710007495575154485,not crying
Baby_status,1710007500825237300,not crying
Baby_status,1710007506148147469,not crying
Baby_status,1710007510400288014,not crying
Baby_status,1710007515452873435,not crying
Baby_status,1710007520438890437,not crying
Baby_status,1710007526059575560,not crying
Baby_status,1710007530397988256,not crying
Baby_status,1710007535592067205,not crying
Baby_status,1710007540384049117,not crying
Baby_status,1710007546071460968,not crying
Baby_status,1710007550469795111,not crying
Baby_status,1710007555478029967,not crying
Baby_status,1710007561081779167,not crying
Baby_status,1710007566088866373,not crying
Baby_status,1710007570613204870,not crying
Baby_status,1710007575472557569,not crying
Baby_status,1710007580452593273,not crying
Baby_status,1710007586229267482,not crying
Baby_status,1710007590411389357,not crying
Baby_status,1710007595471072787,not crying
Baby_status,1710007600427195769,not crying
Baby_status,1710007606122884794,not crying
Baby_status,1710007610571193573,not crying
Baby_status,1710007615479785404,not crying
Baby_status,1710007620475021033,not crying
Baby_status,1710007626129815975,not crying
Baby_status,1710007630479669646,not crying
Baby_status,1710007635567279030,not crying
Baby_status,1710007640455343565,not crying
Baby_status,1710007646145105930,not crying
Baby_status,1710007650445886800,not crying
Baby_status,1710007655495521219,not crying
Baby_status,1710007660574298459,not crying
Baby_status,1710007666147133119,not crying
Baby_status,1710007670475563739,not crying
Baby_status,1710007675451622516,not crying
Baby_status,1710007680542209185,not crying
Baby_status,1710007686141987176,not crying
Baby_status,1710007690460309852,not crying
Baby_status,1710007695696226538,not crying
Baby_status,1710007700557241560,not crying
Baby_status,1710007706138005068,not crying
Baby_status,1710007710466736002,not crying
Baby_status,1710007715540664891,not crying
Baby_status,1710007720638288238,not crying
Baby_status,1710007726154411840,not crying
Baby_status,1710007730534807298,not crying
Baby_status,1710007735644458720,not crying
Baby_status,1710007740538715119,not crying
Baby_status,1710007746164099210,not crying
Baby_status,1710007750547415296,not crying
Baby_status,1710007755662483916,not crying
Baby_status,1710007760540044378,not crying
Baby_status,1710007766181769066,not crying
Baby_status,1710007770515272942,not crying
Baby_status,1710007775577386832,not crying
Baby_status,1710007780634916088,not crying
Baby_status,1710007786199829446,not crying
Baby_status,1710007790510295046,not crying
Baby_status,1710007795539494889,not crying
Baby_status,1710007800527079637,not crying
Baby_status,1710007806204276744,not crying
Baby_status,1710007810563924834,not crying
Baby_status,1710007815565697839,not crying
Baby_status,1710007820567718268,not crying
Baby_status,1710007826222359569,not crying
Baby_status,1710007830613187520,not crying
Baby_status,1710007835517362899,not crying
Baby_status,1710007844843714052,not crying
Baby_status,1710007849853794301,not crying
Baby_status,1710007854746265515,not crying
Baby_status,1710007860589738440,not crying
Baby_status,1710007865621235973,not crying
Baby_status,1710007870592430466,not crying
Baby_status,1710007876498660038,not crying
Baby_status,1710007880610768831,not crying
Baby_status,1710007885635239210,not crying
Baby_status,1710007890561323641,not crying
Baby_status,1710007896502575317,not crying
Baby_status,1710007900787276670,not crying
Baby_status,1710007905652228110,not crying
Baby_status,1710007910638785501,not crying
Baby_status,1710007916338350590,not crying
Baby_status,1710007921316624684,not crying
Baby_status,1710007926584701864,not crying
Baby_status,1710007932001727486,not crying
Baby_status,1710007936351303914,not crying
Baby_status,1710007941269739821,not crying
Baby_status,1710007946337800050,not crying
Baby_status,1710007952077043388,not crying
Baby_status,1710007956426648959,not crying
Baby_status,1710007961435365712,not crying
Baby_status,1710007966602774147,not crying
Baby_status,1710007971325529260,not crying
Baby_status,1710007976466399313,not crying
Baby_status,1710007981347062798,not crying
Baby_status,1710007986445953492,not crying
Baby_status,1710007992102241607,not crying
Baby_status,1710007996517247518,not crying
Baby_status,1710008001464103303,not crying
Baby_status,1710008006485841809,not crying
Baby_status,1710008012101059517,not crying
Baby_status,1710008016488676399,not crying
Baby_status,1710008021426929957,not crying
Baby_status,1710008026781238115,not crying
Baby_status,1710008031374295579,not crying
Baby_status,1710008036497893875,not crying
Baby_status,1710008041873334507,not crying
Baby_status,1710008046451966304,not crying
Baby_status,1710008052115294036,not crying
Baby_status,1710008056693643109,not crying
Baby_status,1710008061430273507,not crying
Baby_status,1710008066553472285,not crying
Baby_status,1710008072131371191,not crying
Baby_status,1710008076504517865,not crying
Baby_status,1710008081460158188,not crying
Baby_status,1710008086722247391,not crying
Baby_status,1710008092156648128,not crying
Baby_status,1710008096481122099,not crying
Baby_status,1710008101377156231,not crying
Baby_status,1710008106569193978,not crying
Baby_status,1710008112163679272,not crying
Baby_status,1710008116424352528,not crying
Baby_status,1710008121511456965,not crying
Baby_status,1710008126462055325,not crying
Baby_status,1710008131401359685,not crying
Baby_status,1710008136466275931,not crying
Baby_status,1710008141427524137,not crying
Baby_status,1710008146629282344,not crying
Baby_status,1710008152172959712,not crying
Baby_status,1710008156533260995,not crying
Baby_status,1710008161485930965,not crying
Baby_status,1710008166524806997,not crying
Baby_status,1710008172187674562,not crying
Baby_status,1710008176473568758,not crying
Baby_status,1710008181451005715,not crying
Baby_status,1710008186528144148,not crying
Baby_status,1710008192189490691,not crying
Baby_status,1710008196532267826,not crying
Baby_status,1710008201423970091,not crying
Baby_status,1710008206661425521,not crying
Baby_status,1710008211464975888,not crying
Baby_status,1710008216571004807,not crying
Baby_status,1710008221541905028,not crying
Baby_status,1710008226469061173,not crying
Baby_status,1710008232209964230,not crying
Baby_status,1710008236586491008,not crying
Baby_status,1710008241457239403,not crying
Baby_status,1710008246500437465,not crying
Baby_status,1710008252221335925,not crying
Baby_status,1710008256509919724,not crying
Baby_status,1710008261502477147,not crying
Baby_status,1710008266780989083,not crying
Baby_status,1710008272231185432,not crying
Baby_status,1710008276665185864,not crying
Baby_status,1710008281509697069,not crying
Baby_status,1710008286587961336,not crying
Baby_status,1710008291510468025,not crying
Baby_status,1710008296627023670,not crying
Baby_status,1710008301559553049,not crying
Baby_status,1710008306569628372,not crying
Baby_status,1710008312297993112,not crying
Baby_status,1710008316599707137,not crying
Baby_status,1710008321565464237,not crying
Baby_status,1710008326822116775,not crying
Baby_status,1710008331529967503,not crying
Baby_status,1710008336625423325,not crying
Baby_status,1710008341683064417,not crying
Baby_status,1710008346795680817,not crying
Baby_status,1710008351559787918,not crying
Baby_status,1710008356680343838,not crying
Baby_status,1710008361590528176,not crying
Baby_status,1710008366735759694,not crying
Baby_status,1710008371589473345,not crying
Baby_status,1710008376698450811,not crying
Baby_status,1710008381756093705,not crying
Baby_status,1710008386840614677,not crying
Baby_status,1710008391592214562,not crying
Baby_status,1710008396656619854,not crying
Baby_status,1710008401621046186,not crying
Baby_status,1710008406713297738,not crying
Baby_status,1710008412348317310,not crying
Baby_status,1710008416624883747,not crying
Baby_status,1710008421678286422,not crying
Baby_status,1710008426700081057,not crying
Baby_status,1710008432435882607,not crying
Baby_status,1710008436712285169,not crying
Baby_status,1710008441609620802,not crying
Baby_status,1710008446870299092,not crying
Baby_status,1710008451611743289,not crying
Baby_status,1710008456764751249,not crying
Baby_status,1710008461608636143,not crying
Baby_status,1710008467250015538,not crying
Baby_status,1710008472371625476,not crying
Baby_status,1710008476683272850,not crying
Baby_status,1710008481740244000,not crying
Baby_status,1710008486652564804,not crying
Baby_status,1710008492374248245,not crying
Baby_status,1710008496662377877,not crying
Baby_status,1710008501693116822,not crying
Baby_status,1710008506807375647,not crying
Baby_status,1710008512376300363,not crying
Baby_status,1710008516755249917,not crying
Baby_status,1710008521620630441,not crying
Baby_status,1710008526734182998,not crying
Baby_status,1710008532445583061,not crying
Baby_status,1710008536730592549,not crying
Baby_status,1710008541677544754,not crying
Baby_status,1710008547007625120,not crying
Baby_status,1710008552445531520,not crying
Baby_status,1710008556756139888,not crying
Baby_status,1710008561790160575,not crying
Baby_status,1710008566795801903,not crying
Baby_status,1710008572535723532,not crying
Baby_status,1710008576952708009,not crying
Baby_status,1710008581850545257,not crying
Baby_status,1710008586779903949,not crying
Baby_status,1710008592695861624,not crying
Baby_status,1710008597073559406,not crying
Baby_status,1710008601936081717,not crying
Baby_status,1710008606855135684,not crying
Baby_status,1710008612480194184,not crying
Baby_status,1710008616763578927,not crying
Baby_status,1710008621836812089,not crying
Baby_status,1710008626893931416,not crying
Baby_status,1710008631741125282,not crying
Baby_status,1710008636841343251,not crying
Baby_status,1710008642060454190,not crying
Baby_status,1710008646857198119,not crying
Baby_status,1710008652496199327,not crying
Baby_status,1710008656837989399,not crying
Baby_status,1710008661805635008,not crying
Baby_status,1710008666840139212,not crying
Baby_status,1710008672625053668,not crying
Baby_status,1710008676892874366,not crying
Baby_status,1710008681779592715,not crying
Baby_status,1710008686878819913,not crying
Baby_status,1710008692513153742,not crying
Baby_status,1710008696902483195,not crying
Baby_status,1710008701930371109,not crying
Baby_status,1710008706934041729,not crying
Baby_status,1710008712499743250,not crying
Baby_status,1710008716942182511,not crying
Baby_status,1710008721902827066,not crying
Baby_status,1710008726944589430,not crying
Baby_status,1710008732525142530,not crying
Baby_status,1710008737016172918,not crying
Baby_status,1710008741884918170,not crying
Baby_status,1710008746936345151,not crying
Baby_status,1710008752542965408,not crying
Baby_status,1710008756811418570,not crying
Baby_status,1710008761813796332,not crying
Baby_status,1710008766894381863,not crying
Baby_status,1710008772596056765,not crying
Baby_status,1710008777099665316,not crying
Baby_status,1710008781853314705,not crying
Baby_status,1710008786889057775,not crying
Baby_status,1710008791854904771,not crying
Baby_status,1710008796989239625,not crying
Baby_status,1710008801961370676,not crying
Baby_status,1710008806868413507,not crying
Baby_status,1710008812594890851,not crying
Baby_status,1710008816953426520,not crying
Baby_status,1710008821969435856,not crying
Baby_status,1710008826872408349,not crying
Baby_status,1710008832616530049,not crying
Baby_status,1710008836943620372,not crying
Baby_status,1710008841948182925,not crying
Baby_status,1710008847026775373,not crying
Baby_status,1710008852640881806,not crying
Baby_status,1710008857036615461,not crying
Baby_status,1710008862225990551,not crying
Baby_status,1710008866931068423,not crying
Baby_status,1710008872748403777,not crying
Baby_status,1710008877021685168,not crying
Baby_status,1710008882022188506,not crying
Baby_status,1710008886997610273,not crying
Baby_status,1710008892662035450,not crying
Baby_status,1710008897034970877,not crying
Baby_status,1710008901985228850,not crying
Baby_status,1710008906939101932,not crying
Baby_status,1710008912673672965,not crying
Baby_status,1710008917071498174,not crying
Baby_status,1710008922128233458,not crying
Baby_status,1710008926969253180,not crying
Baby_status,1710008932690927404,not crying
Baby_status,1710008937076625019,not crying
Baby_status,1710008942150716676,not crying
Baby_status,1710008947166420741,not crying
Baby_status,1710008952705430139,not crying
Baby_status,1710008957028030058,not crying
Baby_status,1710008962013709178,not crying
Baby_status,1710008967052528794,not crying
Baby_status,1710008972799982793,not crying
Baby_status,1710008977062645446,not crying
Baby_status,1710008982118916962,not crying
Baby_status,1710008987145033192,not crying
Baby_status,1710008992729692279,not crying
Baby_status,1710008997132734123,not crying
Baby_status,1710009002027057450,not crying
Baby_status,1710009007055315959,not crying
Baby_status,1710009012765557154,not crying
Baby_status,1710009017199767149,not crying
Baby_status,1710009022130298535,not crying
Baby_status,1710009027173951441,not crying
Baby_status,1710009032768753147,not crying
Baby_status,1710009037111671239,not crying
Baby_status,1710009042098012945,not crying
Baby_status,1710009047338137436,not crying
Baby_status,1710009052781295953,not crying
Baby_status,1710009057143702762,not crying
Baby_status,1710009062099225028,not crying
Baby_status,1710009067152001079,not crying
Baby_status,1710009072154160346,not crying
Baby_status,1710009077125225341,not crying
Baby_status,1710009082205541175,not crying
Baby_status,1710009087096942199,not crying
Baby_status,1710009092809860876,not crying
Baby_status,1710009097216217683,not crying
Baby_status,1710009102183631415,not crying
Baby_status,1710009107254296831,not crying
Baby_status,1710009112830701402,not crying
Baby_status,1710009117217023912,not crying
Baby_status,1710009122280488109,not crying
Baby_status,1710009127147682536,not crying
Baby_status,1710009132832266319,not crying
Baby_status,1710009137213709716,not crying
Baby_status,1710009142191467562,not crying
Baby_status,1710009147124673994,not crying
Baby_status,1710009152840303368,not crying
Baby_status,1710009157183027273,not crying
Baby_status,1710009162263456619,not crying
Baby_status,1710009167155613907,crying
Baby_status,1710009172849388277,crying
Baby_status,1710009177225934557,crying
Baby_status,1710009182208824377,n/a
Baby_status,1710009182210810466,n/a
Baby_status,1710009187180811355,not crying
Baby_status,1710009192140031384,not crying
Baby_status,1710009197354216409,not crying
Baby_status,1710009202235985009,not crying
Baby_status,1710009207212111970,not crying
Baby_status,1710009212995631972,not crying
Baby_status,1710009217410287672,not crying
Baby_status,1710009222418926633,not crying
Baby_status,1710009227333771352,not crying
Baby_status,1710009233092682375,not crying
Baby_status,1710009237427250338,not crying
Baby_status,1710009242369590880,not crying
Baby_status,1710009247380763438,not crying
Baby_status,1710009253051994666,not crying
Baby_status,1710009257447060376,not crying
Baby_status,1710009262436366542,not crying
Baby_status,1710009267459491531,not crying
Baby_status,1710009273057095807,not crying
Baby_status,1710009277409184484,not crying
Baby_status,1710009282361030146,not crying
Baby_status,1710009287500097509,not crying
Baby_status,1710009293065797758,not crying
Baby_status,1710009297415221753,not crying
Baby_status,1710009302438496890,not crying
Baby_status,1710009307463608333,not crying
Baby_status,1710009313091363740,not crying
Baby_status,1710009317501576535,not crying
Baby_status,1710009322473243720,not crying
Baby_status,1710009327436220679,not crying
Baby_status,1710009333112478682,not crying
Baby_status,1710009337414580946,not crying
Baby_status,1710009342540291608,not crying
Baby_status,1710009347495961965,not crying
Baby_status,1710009353108987143,not crying
Baby_status,1710009357421360594,not crying
Baby_status,1710009362567799734,not crying
Baby_status,1710009367494901887,not crying
Baby_status,1710009373107684703,not crying
Baby_status,1710009377407344827,not crying
Baby_status,1710009382443735470,not crying
Baby_status,1710009387544190270,not crying
Baby_status,1710009393207288609,not crying
Baby_status,1710009397521573406,not crying
Baby_status,1710009402706962854,not crying
Baby_status,1710009407575322795,not crying
Baby_status,1710009412393900292,not crying
Baby_status,1710009417516908661,not crying
Baby_status,1710009422416224715,not crying
Baby_status,1710009427414674254,not crying
Baby_status,1710009433139916000,not crying
Baby_status,1710009437513212573,not crying
Baby_status,1710009442545647588,not crying
Baby_status,1710009447456937972,not crying
Baby_status,1710009453156774012,not crying
Baby_status,1710009457511509794,not crying
Baby_status,1710009462580274832,not crying
Baby_status,1710009467462553766,not crying
Baby_status,1710009473153131458,not crying
Baby_status,1710009477495639247,not crying
Baby_status,1710009482467882461,not crying
Baby_status,1710009487456310441,not crying
Baby_status,1710009493174917388,not crying
Baby_status,1710009497605811946,not crying
Baby_status,1710009502535478446,not crying
Baby_status,1710009507511966965,not crying
Baby_status,1710009513169342500,not crying
Baby_status,1710009517561986754,not crying
Baby_status,1710009522582028807,not crying
Baby_status,1710009527559304292,not crying
Baby_status,1710009533180113139,not crying
Baby_status,1710009537509250765,not crying
Baby_status,1710009542653087647,not crying
Baby_status,1710009547561132292,not crying
Baby_status,1710009553192078328,not crying
Baby_status,1710009561651051109,not crying
Baby_status,1710009562715620290,not crying
Baby_status,1710009567519596498,not crying
Baby_status,1710009572471257183,not crying
Baby_status,1710009577626270870,not crying
Baby_status,1710009582543517337,not crying
Baby_status,1710009587521247241,not crying
Baby_status,1710009593233956544,not crying
Baby_status,1710009597569736690,not crying
Baby_status,1710009602504802431,not crying
Baby_status,1710009607503440766,not crying
Baby_status,1710009613243866487,not crying
Baby_status,1710009617631124619,not crying
Baby_status,1710009622551676248,not crying
Baby_status,1710009627562275805,not crying
Baby_status,1710009633250047413,not crying
Baby_status,1710009637706283271,not crying
Baby_status,1710009642541784915,crying
Baby_status,1710009647667900012,crying
Baby_status,1710009653253239387,crying
Baby_status,1710009657611502710,n/a
Baby_status,1710009657612991716,n/a
Baby_status,1710009662537039613,crying
Baby_status,1710009667564249043,not crying
Baby_status,1710009673281650825,not crying
Baby_status,1710009677695174681,not crying
Baby_status,1710009682640822218,not crying
Baby_status,1710009687617594637,not crying
Baby_status,1710009693288723292,not crying
Baby_status,1710009697630859069,not crying
Baby_status,1710009702628608340,not crying
Baby_status,1710009707685348603,not crying
Baby_status,1710009713333370781,not crying
Baby_status,1710009717713692775,not crying
Baby_status,1710009722611710512,not crying
Baby_status,1710009727695301496,not crying
Baby_status,1710009733371570476,not crying
Baby_status,1710009737722145622,not crying
Baby_status,1710009742616446473,not crying
Baby_status,1710009747732274674,not crying
Baby_status,1710009753370918481,not crying
Baby_status,1710009757696765777,not crying
Baby_status,1710009762735340731,not crying
Baby_status,1710009767766993918,not crying
Baby_status,1710009773375680761,not crying
Baby_status,1710009777685727109,not crying
Baby_status,1710009782794213956,not crying
Baby_status,1710009787751154344,not crying
Baby_status,1710009793470426170,not crying
Baby_status,1710009797713596008,not crying
Baby_status,1710009802715794222,not crying
Baby_status,1710009807719979860,not crying
Baby_status,1710009813390506508,not crying
Baby_status,1710009817817198093,not crying
Baby_status,1710009822786047964,not crying
Baby_status,1710009827771443599,not crying
Baby_status,1710009833410695744,not crying
Baby_status,1710009837770538376,not crying
Baby_status,1710009842809244104,not crying
Baby_status,1710009847773913911,not crying
Baby_status,1710009853417351599,not crying
Baby_status,1710009857809905216,not crying
Baby_status,1710009862890717673,not crying
Baby_status,1710009867791146433,not crying
Baby_status,1710009873446449693,not crying
Baby_status,1710009877871409455,not crying
Baby_status,1710009882813440589,not crying
Baby_status,1710009887941488755,not crying
Baby_status,1710009893449146705,not crying
Baby_status,1710009897897808320,not crying
Baby_status,1710009902816395569,not crying
Baby_status,1710009907804269348,not crying
Baby_status,1710009913455250100,not crying
Baby_status,1710009918287529623,not crying
Baby_status,1710009923068671334,not crying
Baby_status,1710009927833186733,not crying
Baby_status,1710009933477229897,not crying
Baby_status,1710009937931168379,not crying
Baby_status,1710009942807826184,not crying
Baby_status,1710009948041216288,not crying
Baby_status,1710009953505389000,not crying
Baby_status,1710009957913772172,not crying
Baby_status,1710009962933180550,not crying
Baby_status,1710009968014640116,not crying
Baby_status,1710009973556583767,not crying
Baby_status,1710009977946889040,not crying
Baby_status,1710009982865510309,not crying
Baby_status,1710009987941272398,not crying
Baby_status,1710009993567534468,not crying
Baby_status,1710009998033092158,not crying
Baby_status,1710010003195690642,not crying
Baby_status,1710010007998989062,not crying
Baby_status,1710010013583400595,not crying
Baby_status,1710010017990258754,not crying
Baby_status,1710010022937522600,not crying
Baby_status,1710010027957151349,not crying
Baby_status,1710010033617713882,not crying
Baby_status,1710010037964879599,not crying
Baby_status,1710010042942893873,not crying
Baby_status,1710010047916779765,not crying
Baby_status,1710010053630222386,not crying
Baby_status,1710010058094106738,not crying
Baby_status,1710010063009727639,not crying
Baby_status,1710010068058514281,not crying
Baby_status,1710010073654425741,not crying
Baby_status,1710010078041219536,not crying
Baby_status,1710010082973143729,not crying
Baby_status,1710010088045779574,not crying
Baby_status,1710010094058741774,not crying
Baby_status,1710010098030539069,not crying
Baby_status,1710010102969541170,not crying
Baby_status,1710010108111081016,not crying
Baby_status,1710010113707680202,not crying
Baby_status,1710010118012032127,not crying
Baby_status,1710010123004039534,not crying
Baby_status,1710010128049115607,not crying
Baby_status,1710010133719367577,not crying
Baby_status,1710010138013086122,not crying
Baby_status,1710010143049051783,not crying
Baby_status,1710010148036468954,not crying
Baby_status,1710010153743386074,not crying
Baby_status,1710010158290565345,not crying
Baby_status,1710010163135194226,not crying
Baby_status,1710010168345689669,not crying
Baby_status,1710010173733127940,not crying
Baby_status,1710010178175475715,not crying
Baby_status,1710010184272551974,not crying
Baby_status,1710010188123927525,not crying
Baby_status,1710010193746328557,not crying
Baby_status,1710010198158764166,not crying
Baby_status,1710010203254975567,not crying
Baby_status,1710010208202487414,not crying
Baby_status,1710010213743435408,not crying
Baby_status,1710010218257330436,not crying
Baby_status,1710010223325708724,not crying
Baby_status,1710010228176908839,not crying
Baby_status,1710010233758735985,not crying
Baby_status,1710010238259213533,not crying
Baby_status,1710010243240488860,not crying
Baby_status,1710010248176939542,not crying
Baby_status,1710010253773247648,not crying
Baby_status,1710010258195423669,not crying
Baby_status,1710010263165469528,not crying
Baby_status,1710010268205615088,not crying
Baby_status,1710010273759888100,not crying
Baby_status,1710010278106305659,not crying
Baby_status,1710010283104599260,not crying
Baby_status,1710010288177000725,not crying
Baby_status,1710010293755015293,not crying
Baby_status,1710010298180714901,not crying
Baby_status,1710010303456855648,not crying
Baby_status,1710010308274855200,not crying
Baby_status,1710010313985625118,not crying
Baby_status,1710010318220820098,not crying
Baby_status,1710010323187605111,not crying
Baby_status,1710010328182493981,not crying
Baby_status,1710010333789948862,not crying
Baby_status,1710010338227316251,not crying
Baby_status,1710010343183422945,not crying
Baby_status,1710010348161001486,not crying
Baby_status,1710010353816428363,not crying
Baby_status,1710010358278082420,not crying
Baby_status,1710010363182137239,not crying
Baby_status,1710010368156013635,not crying
Baby_status,1710010373828540481,not crying
Baby_status,1710010378169745454,not crying
Baby_status,1710010383236317192,not crying
Baby_status,1710010388288996367,not crying
Baby_status,1710010393828550106,not crying
Baby_status,1710010398273825014,not crying
Baby_status,1710010403256141813,not crying
Baby_status,1710010408226589376,not crying
Baby_status,1710010413835049417,not crying
Baby_status,1710010418279331758,not crying
Baby_status,1710010423311480396,not crying
Baby_status,1710010428179540950,not crying
Baby_status,1710010433829554158,not crying
Baby_status,1710010438242952319,not crying
Baby_status,1710010443210213036,not crying
Baby_status,1710010448255428167,not crying
Baby_status,1710010453857528499,not crying
Baby_status,1710010458342880924,not crying
Baby_status,1710010463302702066,not crying
Baby_status,1710010468346648589,not crying
Baby_status,1710010473874960249,not crying
Baby_status,1710010478262153051,not crying
Baby_status,1710010483283388025,not crying
Baby_status,1710010488277631004,not crying
Baby_status,1710010493983257395,not crying
Baby_status,1710010498267827413,not crying
Baby_status,1710010503286757690,not crying
Baby_status,1710010508313093926,not crying
Baby_status,1710010513900322375,not crying
Baby_status,1710010518307986014,not crying
Baby_status,1710010523325660028,not crying
Baby_status,1710010528247353487,not crying
Baby_status,1710010533895262124,not crying
Baby_status,1710010538276581413,not crying
Baby_status,1710010543299320238,not crying
Baby_status,1710010548244941827,not crying
Baby_status,1710010553899759850,not crying
Baby_status,1710010558320626071,not crying
Baby_status,1710010563340548744,not crying
Baby_status,1710010568332438699,not crying
Baby_status,1710010573908588489,not crying
Baby_status,1710010578304773949,not crying
Baby_status,1710010583288106788,not crying
Baby_status,1710010588331550923,not crying
Baby_status,1710010593908136945,not crying
Baby_status,1710010598405024021,not crying
Baby_status,1710010603309192955,not crying
Baby_status,1710010608368551708,not crying
Baby_status,1710010613910931376,not crying
Baby_status,1710010618291252284,not crying
Baby_status,1710010623267620328,not crying
Baby_status,1710010628351846168,not crying
Baby_status,1710010633921398747,not crying
Baby_status,1710010638333918333,not crying
Baby_status,1710010643315719261,not crying
Baby_status,1710010648306534582,not crying
Baby_status,1710010653907702921,not crying
Baby_status,1710010658403346997,not crying
Baby_status,1710010663337728131,not crying
Baby_status,1710010668308199812,not crying
Baby_status,1710010673910991361,not crying
Baby_status,1710010678332240322,not crying
Baby_status,1710010683373004300,not crying
Baby_status,1710010688444503376,not crying
Baby_status,1710010693919306507,not crying
Baby_status,1710010698389322734,not crying
Baby_status,1710010703418477314,not crying
Baby_status,1710010708303085158,not crying
Baby_status,1710010713919886737,not crying
Baby_status,1710010718299209001,not crying
Baby_status,1710010723343860964,not crying
Baby_status,1710010728341209547,not crying
Baby_status,1710010734020708290,not crying
Baby_status,1710010738352308472,not crying
Baby_status,1710010743293599589,not crying
Baby_status,1710010748492364174,not crying
Baby_status,1710010753934244675,not crying
Baby_status,1710010758406566543,not crying
Baby_status,1710010763424728212,not crying
Baby_status,1710010768340299302,not crying
Baby_status,1710010773940910225,not crying
Baby_status,1710010778375042530,not crying
Baby_status,1710010783514315848,not crying
Baby_status,1710010788310796408,not crying
Baby_status,1710010793949104271,not crying
Baby_status,1710010798366317512,not crying
Baby_status,1710010803358690034,not crying
Baby_status,1710010808388041434,not crying
Baby_status,1710010813951701788,not crying
Baby_status,1710010818352976744,not crying
Baby_status,1710010823263210587,not crying
Baby_status,1710010828334127977,not crying
Baby_status,1710010834035186901,not crying
Baby_status,1710010838312238848,not crying
Baby_status,1710010843355038727,not crying
Baby_status,1710010848339193176,not crying
Baby_status,1710010853956413565,not crying
Baby_status,1710010858389363606,not crying
Baby_status,1710010863403754146,not crying
Baby_status,1710010868366740718,not crying
Baby_status,1710010873963063401,not crying
Baby_status,1710010878537656033,not crying
Baby_status,1710010883409858847,not crying
Baby_status,1710010888398011861,not crying
Baby_status,1710010893966463480,not crying
Baby_status,1710010898480573301,not crying
Baby_status,1710010903315928665,not crying
Baby_status,1710010908408813677,not crying
Baby_status,1710010913970977704,not crying
Baby_status,1710010918309626492,not crying
Baby_status,1710010923461679908,not crying
Baby_status,1710010928348523600,not crying
Baby_status,1710010934049866721,not crying
Baby_status,1710010938334504137,not crying
Baby_status,1710010943352189300,not crying
Baby_status,1710010948340799960,not crying
Baby_status,1710010953961860644,not crying
Baby_status,1710010958406207408,not crying
Baby_status,1710010963322669960,not crying
Baby_status,1710010968319004637,not crying
Baby_status,1710010973962989692,not crying
Baby_status,1710010978316499706,not crying
Baby_status,1710010983360941736,not crying
Baby_status,1710010988360714041,not crying
Baby_status,1710010993966217969,not crying
Baby_status,1710010998460235438,not crying
Baby_status,1710011003343345162,not crying
Baby_status,1710011008435632899,not crying
Baby_status,1710011013973823431,not crying
Baby_status,1710011018437094993,not crying
Baby_status,1710011023308363391,not crying
Baby_status,1710011028369166188,not crying
Baby_status,1710011034094417563,not crying
Baby_status,1710011038455344211,not crying
Baby_status,1710011043435250940,not crying
Baby_status,1710011048354656795,not crying
Baby_status,1710011054106236999,not crying
Baby_status,1710011058410130323,not crying
Baby_status,1710011063456295108,not crying
Baby_status,1710011068375264425,not crying
Baby_status,1710011073989754231,not crying
Baby_status,1710011078449162487,not crying
Baby_status,1710011083440360904,not crying
Baby_status,1710011088356948020,not crying
Baby_status,1710011094001577711,not crying
Baby_status,1710011098418782055,not crying
Baby_status,1710011103455033846,not crying
Baby_status,1710011108458230186,not crying
Baby_status,1710011114162940639,not crying
Baby_status,1710011118360438093,not crying
Baby_status,1710011123314737664,not crying
Baby_status,1710011128434521340,not crying
Baby_status,1710011134097413990,not crying
Baby_status,1710011138375366918,not crying
Baby_status,1710011143479102451,not crying
Baby_status,1710011148359081570,not crying
Baby_status,1710011154004078042,not crying
Baby_status,1710011158536114063,not crying
Baby_status,1710011163343999558,not crying
Baby_status,1710011168390615544,not crying
Baby_status,1710011174006519518,not crying
Baby_status,1710011178429119788,not crying
Baby_status,1710011183436960199,not crying
Baby_status,1710011188437367976,not crying
Baby_status,1710011194008966636,not crying
Baby_status,1710011198472387997,not crying
Baby_status,1710011203347174011,not crying
Baby_status,1710011208567574720,not crying
Baby_status,1710011214247245675,not crying
Baby_status,1710011218573828196,not crying
Baby_status,1710011223478700889,not crying
Baby_status,1710011228549489332,not crying
Baby_status,1710011234010237607,not crying
Baby_status,1710011238359568622,not crying
Baby_status,1710011243390882191,not crying
Baby_status,1710011248405004614,not crying
Baby_status,1710011254014414628,not crying
Baby_status,1710011258400964989,not crying
Baby_status,1710011263359746490,not crying
Baby_status,1710011268401737898,not crying
Baby_status,1710011274031863721,not crying
Baby_status,1710011278390173701,not crying
Baby_status,1710011283347202758,not crying
Baby_status,1710011288430623226,not crying
Baby_status,1710011294030807700,not crying
Baby_status,1710011298446582972,not crying
Baby_status,1710011303597091589,not crying
Baby_status,1710011308392695664,not crying
Baby_status,1710011314032473775,not crying
Baby_status,1710011318442714244,not crying
Baby_status,1710011323435690828,not crying
Baby_status,1710011328407887899,not crying
Baby_status,1710011334035442911,not crying
Baby_status,1710011338453091933,not crying
Baby_status,1710011343444569891,not crying
Baby_status,1710011348485119456,not crying
Baby_status,1710011354038349301,not crying
Baby_status,1710011358561335631,not crying
Baby_status,1710011363438299226,not crying
Baby_status,1710011368505989677,not crying
Baby_status,1710011374043824832,not crying
Baby_status,1710011378556668467,not crying
Baby_status,1710011383525026273,not crying
Baby_status,1710011388415166810,not crying
Baby_status,1710011394051830673,not crying
Baby_status,1710011398397774800,not crying
Baby_status,1710011403415096309,not crying
Baby_status,1710011408378898453,not crying
Baby_status,1710011414060330129,not crying
Baby_status,1710011418539109154,not crying
Baby_status,1710011423394727909,not crying
Baby_status,1710011428479896426,not crying
Baby_status,1710011434062158395,not crying
Baby_status,1710011438496978998,not crying
Baby_status,1710011443379387984,not crying
Baby_status,1710011448608828071,not crying
Baby_status,1710011454059145590,not crying
Baby_status,1710011458559711380,not crying
Baby_status,1710011463525063256,not crying
Baby_status,1710011468526456152,not crying
Baby_status,1710011474301890095,not crying
Baby_status,1710011478591728875,not crying
Baby_status,1710011483488312868,not crying
Baby_status,1710011488423404385,not crying
Baby_status,1710011494153320992,not crying
Baby_status,1710011498482092542,not crying
Baby_status,1710011503590953651,not crying
Baby_status,1710011508421912443,not crying
Baby_status,1710011514740166752,not crying
Baby_status,1710011518885795294,not crying
Baby_status,1710011523877794131,not crying
Baby_status,1710011528944597939,not crying
Baby_status,1710011534754403724,not crying
Baby_status,1710011539575491878,not crying
Baby_status,1710011544625537951,not crying
Baby_status,1710011550278674047,not crying
Baby_status,1710011554593038217,not crying
Baby_status,1710011559644493747,not crying
Baby_status,1710011564617757135,not crying
Baby_status,1710011570285069286,not crying
Baby_status,1710011574768306018,not crying
Baby_status,1710011579614943298,not crying
Baby_status,1710011584580724537,not crying
Baby_status,1710011590283219613,not crying
Baby_status,1710011594732761313,not crying
Baby_status,1710011599583501729,not crying
Baby_status,1710011604648688324,not crying
Baby_status,1710011610295687164,not crying
Baby_status,1710011614637710718,not crying
Baby_status,1710011619581349065,not crying
Baby_status,1710011624602925497,not crying
Baby_status,1710011630313694789,not crying
Baby_status,1710011634606663470,not crying
Baby_status,1710011639680148649,not crying
Baby_status,1710011644594766567,not crying
Baby_status,1710011650554702277,not crying
Baby_status,1710011654678932742,not crying
Baby_status,1710011659608984934,not crying
Baby_status,1710011664679564610,not crying
Baby_status,1710011670316010614,not crying
Baby_status,1710011674639361576,not crying
Baby_status,1710011679706116625,not crying
Baby_status,1710011684659168867,not crying
Baby_status,1710011690323801270,not crying
Baby_status,1710011694682645867,not crying
Baby_status,1710011699725656436,not crying
Baby_status,1710011704719958330,not crying
Baby_status,1710011710321594385,not crying
Baby_status,1710011714688472649,not crying
Baby_status,1710011719642867997,not crying
Baby_status,1710011724745206012,not crying
Baby_status,1710011730322528732,not crying
Baby_status,1710011734663183580,not crying
Baby_status,1710011739647567421,not crying
Baby_status,1710011744794199612,not crying
Baby_status,1710011750325783596,not crying
Baby_status,1710011754683553703,not crying
Baby_status,1710011759633067482,not crying
Baby_status,1710011764825979001,not crying
Baby_status,1710011770395313325,not crying
Baby_status,1710011774623968092,not crying
Baby_status,1710011779652088813,not crying
Baby_status,1710011784627553326,not crying
Baby_status,1710011790323262357,not crying
Baby_status,1710011794759958162,not crying
Baby_status,1710011799750146961,not crying
Baby_status,1710011804807961531,not crying
Baby_status,1710011810335540957,not crying
Baby_status,1710011814688719884,not crying
Baby_status,1710011819667838193,not crying
Baby_status,1710011824699956535,not crying
Baby_status,1710011830334340107,not crying
Baby_status,1710011834693373083,not crying
Baby_status,1710011839674089355,not crying
Baby_status,1710011844790980718,not crying
Baby_status,1710011850341612508,not crying
Baby_status,1710011854727312181,not crying
Baby_status,1710011859665110460,not crying
Baby_status,1710011864625895480,not crying
Baby_status,1710011870340452909,not crying
Baby_status,1710011874747994762,not crying
Baby_status,1710011879654248298,not crying
Baby_status,1710011884632424883,not crying
Baby_status,1710011890357338943,not crying
Baby_status,1710011894707749836,not crying
Baby_status,1710011899714574265,not crying
Baby_status,1710011904712906678,not crying
Baby_status,1710011910350676788,not crying
Baby_status,1710011914665730615,not crying
Baby_status,1710011919742245356,not crying
Baby_status,1710011924722022885,not crying
Baby_status,1710011930354149993,not crying
Baby_status,1710011934666034521,not crying
Baby_status,1710011939703795640,not crying
Baby_status,1710011944731550112,not crying
Baby_status,1710011950357169171,not crying
Baby_status,1710011954743496139,not crying
Baby_status,1710011959701829546,not crying
Baby_status,1710011964695601686,not crying
Baby_status,1710011970359018862,not crying
Baby_status,1710011974734649317,not crying
Baby_status,1710011979669322654,not crying
Baby_status,1710011984678650174,not crying
Baby_status,1710011990427081935,not crying
Baby_status,1710011994702172618,not crying
Baby_status,1710011999672369763,not crying
Baby_status,1710012004675645493,not crying
Baby_status,1710012010370715242,not crying
Baby_status,1710012014703643316,not crying
Baby_status,1710012019678998740,not crying
Baby_status,1710012024725345131,not crying
Baby_status,1710012030376764506,not crying
Baby_status,1710012034681323211,not crying
Baby_status,1710012039801816841,not crying
Baby_status,1710012044726390766,not crying
Baby_status,1710012050387666060,not crying
Baby_status,1710012054704914642,not crying
Baby_status,1710012059726338757,not crying
Baby_status,1710012064798197601,not crying
Baby_status,1710012070378796027,not crying
Baby_status,1710012074705303197,not crying
Baby_status,1710012079719933030,not crying
Baby_status,1710012084703561494,not crying
Baby_status,1710012090455746372,not crying
Baby_status,1710012094765819503,not crying
Baby_status,1710012099870665164,not crying
Baby_status,1710012104711222955,not crying
Baby_status,1710012110385498930,not crying
Baby_status,1710012114708114443,not crying
Baby_status,1710012119779533980,not crying
Baby_status,1710012124774567398,not crying
Baby_status,1710012130383264484,not crying
Baby_status,1710012134709882302,not crying
Baby_status,1710012139754325384,not crying
Baby_status,1710012144824871657,not crying
Baby_status,1710012150385814227,not crying
Baby_status,1710012154711317909,not crying
Baby_status,1710012159716841764,not crying
Baby_status,1710012164834484056,not crying
Baby_status,1710012170388796564,not crying
Baby_status,1710012174701507555,not crying
Baby_status,1710012179724058984,not crying
Baby_status,1710012184698504570,not crying
Baby_status,1710012190497251268,not crying
Baby_status,1710012194735874659,not crying
Baby_status,1710012199769231444,not crying
Baby_status,1710012204694565442,not crying
Baby_status,1710012210394299406,not crying
Baby_status,1710012214822091702,not crying
Baby_status,1710012219763120892,not crying
Baby_status,1710012224929417844,not crying
Baby_status,1710012230388936507,not crying
Baby_status,1710012234900224711,not crying
Baby_status,1710012239899218275,not crying
Baby_status,1710012244787530364,not crying
Baby_status,1710012250395547171,not crying
Baby_status,1710012254703825745,not crying
Baby_status,1710012259730624300,not crying
Baby_status,1710012264928181728,not crying
Baby_status,1710012270400411392,not crying
Baby_status,1710012274800750692,not crying
Baby_status,1710012279781225051,not crying
Baby_status,1710012285033466290,not crying
Baby_status,1710012290498553974,not crying
Baby_status,1710012294741619334,not crying
Baby_status,1710012299784642948,not crying
Baby_status,1710012304813201031,not crying
Baby_status,1710012310416228717,not crying
Baby_status,1710012314839436551,not crying
Baby_status,1710012319795097457,not crying
Baby_status,1710012324830846850,not crying
Baby_status,1710012330417240764,not crying
Baby_status,1710012334749986894,not crying
Baby_status,1710012339805509333,not crying
Baby_status,1710012344770665653,not crying
Baby_status,1710012350421780273,not crying
Baby_status,1710012354788671067,not crying
Baby_status,1710012359799159361,not crying
Baby_status,1710012364740394021,not crying
Baby_status,1710012370416480987,not crying
Baby_status,1710012374946610299,not crying
Baby_status,1710012379729378947,not crying
Baby_status,1710012384928439837,not crying
Baby_status,1710012390517206961,not crying
Baby_status,1710012394798782739,not crying
Baby_status,1710012399748531141,not crying
Baby_status,1710012404753214205,not crying
Baby_status,1710012410423675316,not crying
Baby_status,1710012414808444130,not crying
Baby_status,1710012419734313322,not crying
Baby_status,1710012424843633738,not crying
Baby_status,1710012430425217826,not crying
Baby_status,1710012434769835974,not crying
Baby_status,1710012439772876827,not crying
Baby_status,1710012444726759918,not crying
Baby_status,1710012450676827532,not crying
Baby_status,1710012454790700165,not crying
Baby_status,1710012459795843443,not crying
Baby_status,1710012464778595800,not crying
Baby_status,1710012470436767833,not crying
Baby_status,1710012474772747076,not crying
Baby_status,1710012479920061699,not crying
Baby_status,1710012484840189348,not crying
Baby_status,1710012490501211199,not crying
Baby_status,1710012494783420968,not crying
Baby_status,1710012499859266799,not crying
Baby_status,1710012504803370502,not crying
Baby_status,1710012513348141542,not crying
Baby_status,1710012518251476827,not crying
Baby_status,1710012523419054685,not crying
Baby_status,1710012529092473236,not crying
Baby_status,1710012534091656740,not crying
Baby_status,1710012539054447025,not crying
Baby_status,1710012544818749017,not crying
Baby_status,1710012549102508125,not crying
Baby_status,1710012554054011718,not crying
Baby_status,1710012559083087816,not crying
Baby_status,1710012564894540838,not crying
Baby_status,1710012569804157059,not crying
Baby_status,1710012574927101226,not crying
Baby_status,1710012580474985357,not crying
Baby_status,1710012584811472762,not crying
Baby_status,1710012589839483271,not crying
Baby_status,1710012594840958500,not crying
Baby_status,1710012600485613968,not crying
Baby_status,1710012604870400215,not crying
Baby_status,1710012609840566422,not crying
Baby_status,1710012614785519324,not crying
Baby_status,1710012620499933978,not crying
Baby_status,1710012624963258917,not crying
Baby_status,1710012629924566809,not crying
Baby_status,1710012634830972012,not crying
Baby_status,1710012640509275209,not crying
Baby_status,1710012644890259418,not crying
Baby_status,1710012649830539451,not crying
Baby_status,1710012654865280891,not crying
Baby_status,1710012660542131789,not crying
Baby_status,1710012665070447954,not crying
Baby_status,1710012670003544354,not crying
Baby_status,1710012674936218305,not crying
Baby_status,1710012680520028559,not crying
Baby_status,1710012685132238242,not crying
Baby_status,1710012690026857414,not crying
Baby_status,1710012694952645597,not crying
Baby_status,1710012700520847505,not crying
Baby_status,1710012704952451729,not crying
Baby_status,1710012709919492894,not crying
Baby_status,1710012714925825439,not crying
Baby_status,1710012720520034074,not crying
Baby_status,1710012724923656298,not crying
Baby_status,1710012729920787356,not crying
Baby_status,1710012734941523125,not crying
Baby_status,1710012740539130384,not crying
Baby_status,1710012744975037443,not crying
Baby_status,1710012749985749748,not crying
Baby_status,1710012754967573345,not crying
Baby_status,1710012760544286756,not crying
Baby_status,1710012764951161975,not crying
Baby_status,1710012769934518112,crying
Baby_status,1710012775256205896,crying
Baby_status,1710012780546770082,crying
Baby_status,1710012785065399198,not crying
Baby_status,1710012789882529622,not crying
Baby_status,1710012794905112807,not crying
Baby_status,1710012800616401279,not crying
Baby_status,1710012804932575167,not crying
Baby_status,1710012809913500254,not crying
Baby_status,1710012814943162887,not crying
Baby_status,1710012820559971817,not crying
Baby_status,1710012824965786498,not crying
Baby_status,1710012829986461394,not crying
Baby_status,1710012835105709193,not crying
Baby_status,1710012840560699168,not crying
Baby_status,1710012844956022730,not crying
Baby_status,1710012850034944355,not crying
Baby_status,1710012854980537979,not crying
Baby_status,1710012860578247371,not crying
Baby_status,1710012864941375825,not crying
Baby_status,1710012869948967573,not crying
Baby_status,1710012875592249310,not crying
Baby_status,1710012880582188716,not crying
Baby_status,1710012884992793518,not crying
Baby_status,1710012889912809453,not crying
Baby_status,1710012895144747317,not crying
Baby_status,1710012900650419661,not crying
Baby_status,1710012904944637603,not crying
Baby_status,1710012909904314110,not crying
Baby_status,1710012914984086926,not crying
Baby_status,1710012920576223787,not crying
Baby_status,1710012925004123271,not crying
Baby_status,1710012930002384541,not crying
Baby_status,1710012935032635764,not crying
Baby_status,1710012940586145547,not crying
Baby_status,1710012944938458104,not crying
Baby_status,1710012949932485561,not crying
Baby_status,1710012955073035305,not crying
Baby_status,1710012960594804134,not crying
Baby_status,1710012965000067540,not crying
Baby_status,1710012969975145869,not crying
Baby_status,1710012975066861211,not crying
Baby_status,1710012980600844867,not crying
Baby_status,1710012985000039554,not crying
Baby_status,1710012989913844202,not crying
Baby_status,1710012995046301077,not crying
Baby_status,1710013000616038474,not crying
Baby_status,1710013005019132857,not crying
Baby_status,1710013010083169715,not crying
Baby_status,1710013014989677286,not crying
Baby_status,1710013020631534475,not crying
Baby_status,1710013025078502126,not crying
Baby_status,1710013030092173671,not crying
Baby_status,1710013035170160754,not crying
Baby_status,1710013040982700304,not crying
Baby_status,1710013045086257628,not crying
Baby_status,1710013050103946145,not crying
Baby_status,1710013055075955634,not crying
Baby_status,1710013060660952026,not crying
Baby_status,1710013065127085505,not crying
Baby_status,1710013070013292694,not crying
Baby_status,1710013075127196995,not crying
Baby_status,1710013080649925028,not crying
Baby_status,1710013085131030242,not crying
Baby_status,1710013090169142769,not crying
Baby_status,1710013095178925832,not crying
Baby_status,1710013100657304834,not crying
Baby_status,1710013105136334090,not crying
Baby_status,1710013110148783743,not crying
Baby_status,1710013115175883516,not crying
Baby_status,1710013120670187166,not crying
Baby_status,1710013125221053952,not crying
Baby_status,1710013130031481445,not crying
Baby_status,1710013135209277711,not crying
Baby_status,1710013140688652274,not crying
Baby_status,1710013145228429641,not crying
Baby_status,1710013150273832355,not crying
Baby_status,1710013155318853112,not crying
Baby_status,1710013160696618298,not crying
Baby_status,1710013165095230519,not crying
Baby_status,1710013170137931331,not crying
Baby_status,1710013175199386593,not crying
Baby_status,1710013180895433101,not crying
Baby_status,1710013185171164928,not crying
Baby_status,1710013190091980774,not crying
Baby_status,1710013195202636209,not crying
Baby_status,1710013200696378788,not crying
Baby_status,1710013205131231143,not crying
Baby_status,1710013210178368006,not crying
Baby_status,1710013215409348695,not crying
Baby_status,1710013220695046067,not crying
Baby_status,1710013225165152346,not crying
Baby_status,1710013230117578857,not crying
Baby_status,1710013235246742954,not crying
Baby_status,1710013240704879207,not crying
Baby_status,1710013245203685123,not crying
Baby_status,1710013250072229073,not crying
Baby_status,1710013255195822550,not crying
Baby_status,1710013260818191148,not crying
Baby_status,1710013265247945104,not crying
Baby_status,1710013270172316958,not crying
Baby_status,1710013275379147959,not crying
Baby_status,1710013280728494859,not crying
Baby_status,1710013285227546559,not crying
Baby_status,1710013290130740655,not crying
Baby_status,1710013295175711478,not crying
Baby_status,1710013300726415850,not crying
Baby_status,1710013305147196277,not crying
Baby_status,1710013310240451267,not crying
Baby_status,1710013315171291633,not crying
Baby_status,1710013320754974828,not crying
Baby_status,1710013325181618159,not crying
Baby_status,1710013330149498894,not crying
Baby_status,1710013335186275630,not crying
Baby_status,1710013340760992660,not crying
Baby_status,1710013345293157520,not crying
Baby_status,1710013350227102141,not crying
Baby_status,1710013355216005253,not crying
Baby_status,1710013360872606106,not crying
Baby_status,1710013365149793834,not crying
Baby_status,1710013370153238126,not crying
Baby_status,1710013375219079145,not crying
Baby_status,1710013380803819007,not crying
Baby_status,1710013385312553129,not crying
Baby_status,1710013390186114612,not crying
Baby_status,1710013395144130327,not crying
Baby_status,1710013400813265064,not crying
Baby_status,1710013405292776068,not crying
Baby_status,1710013410269366249,not crying
Baby_status,1710013415255835947,not crying
Baby_status,1710013420824910454,not crying
Baby_status,1710013425243392586,not crying
Baby_status,1710013430320435181,not crying
Baby_status,1710013435237102712,not crying
Baby_status,1710013440830271364,not crying
Baby_status,1710013445268396533,not crying
Baby_status,1710013450183481341,not crying
Baby_status,1710013455263735087,not crying
Baby_status,1710013460897987295,not crying
Baby_status,1710013465239233260,not crying
Baby_status,1710013470238414940,not crying
Baby_status,1710013475230784724,not crying
Baby_status,1710013480839935631,not crying
Baby_status,1710013485243036266,not crying
Baby_status,1710013490276138411,not crying
Baby_status,1710013495318651524,not crying
Baby_status,1710013500843687155,not crying
Baby_status,1710013505326871721,not crying
Baby_status,1710013510295043108,not crying
Baby_status,1710013515341939929,not crying
Baby_status,1710013520899978497,not crying
Baby_status,1710013525282445181,not crying
Baby_status,1710013530285189659,not crying
Baby_status,1710013535310919444,not crying
Baby_status,1710013540968671106,not crying
Baby_status,1710013545328280611,not crying
Baby_status,1710013550275982307,not crying
Baby_status,1710013555354248452,not crying
Baby_status,1710013560940722828,not crying
Baby_status,1710013565292850463,not crying
Baby_status,1710013570320098710,not crying
Baby_status,1710013575382300316,not crying
Baby_status,1710013580931496451,not crying
Baby_status,1710013585332692339,not crying
Baby_status,1710013590395954269,not crying
Baby_status,1710013595386837845,not crying
Baby_status,1710013600960557963,not crying
Baby_status,1710013605320691587,not crying
Baby_status,1710013610356278240,not crying
Baby_status,1710013615423084625,not crying
Baby_status,1710013620974869196,not crying
Baby_status,1710013625394568498,not crying
Baby_status,1710013630380342125,not crying
Baby_status,1710013635355710931,not crying
Baby_status,1710013640992192188,not crying
Baby_status,1710013645411240429,not crying
Baby_status,1710013650369002607,not crying
Baby_status,1710013655389560270,not crying
Baby_status,1710013661007957184,not crying
Baby_status,1710013665465376216,not crying
Baby_status,1710013670396522028,not crying
Baby_status,1710013675401334671,not crying
Baby_status,1710013681017967033,not crying
Baby_status,1710013685606435388,not crying
Baby_status,1710013690396180576,not crying
Baby_status,1710013695449139492,not crying
Baby_status,1710013701028065462,not crying
Baby_status,1710013705399218328,not crying
Baby_status,1710013710460642844,not crying
Baby_status,1710013715402806002,not crying
Baby_status,1710013721037404107,not crying
Baby_status,1710013725587095504,not crying
Baby_status,1710013730634854390,not crying
Baby_status,1710013735588595677,not crying
Baby_status,1710013741053192162,not crying
Baby_status,1710013745527142354,not crying
Baby_status,1710013750479902400,not crying
Baby_status,1710013755485675280,not crying
Baby_status,1710013761348927989,not crying
Baby_status,1710013765554786872,not crying
Baby_status,1710013770428137300,not crying
Baby_status,1710013775557955075,not crying
Baby_status,1710013781216369037,not crying
Baby_status,1710013785495645192,not crying
Baby_status,1710013790432237765,not crying
Baby_status,1710013795480908060,not crying
Baby_status,1710013801066119828,not crying
Baby_status,1710013805525048877,not crying
Baby_status,1710013810549331639,not crying
Baby_status,1710013815435088422,not crying
Baby_status,1710013821093540269,not crying
Baby_status,1710013826069873695,not crying
Baby_status,1710013830449712126,not crying
Baby_status,1710013835524903494,not crying
Baby_status,1710013841111223851,not crying
Baby_status,1710013845573966700,not crying
Baby_status,1710013850463375755,not crying
Baby_status,1710013855481349222,not crying
Baby_status,1710013861208828142,not crying
Baby_status,1710013865766119346,not crying
Baby_status,1710013870474592078,not crying
Baby_status,1710013875500687184,not crying
Baby_status,1710013881145772670,not crying
Baby_status,1710013885559338791,not crying
Baby_status,1710013890583365804,not crying
Baby_status,1710013895564854591,not crying
Baby_status,1710013901150411770,not crying
Baby_status,1710013905594688082,not crying
Baby_status,1710013910638078019,not crying
Baby_status,1710013915641024092,not crying
Baby_status,1710013921194772862,not crying
Baby_status,1710013925887673490,not crying
Baby_status,1710013930553176324,not crying
Baby_status,1710013935574112091,not crying
Baby_status,1710013941200312945,not crying
Baby_status,1710013945578157474,not crying
Baby_status,1710013950583044320,not crying
Baby_status,1710013955618966199,not crying
Baby_status,1710013961216198406,not crying
Baby_status,1710013965706075871,not crying
Baby_status,1710013970620834312,not crying
Baby_status,1710013975777658786,not crying
Baby_status,1710013981232531670,not crying
Baby_status,1710013985652406074,not crying
Baby_status,1710013990569017139,not crying
Baby_status,1710013995603428835,not crying
Baby_status,1710014001228593549,not crying
Baby_status,1710014005735436223,not crying
Baby_status,1710014010621449552,not crying
Baby_status,1710014015631916708,not crying
Baby_status,1710014021251301024,not crying
Baby_status,1710014025708299690,not crying
Baby_status,1710014030680389843,not crying
Baby_status,1710014035688357502,not crying
Baby_status,1710014041252963588,not crying
Baby_status,1710014045693537706,not crying
Baby_status,1710014050703628310,not crying
Baby_status,1710014055735207013,not crying
Baby_status,1710014061269726507,not crying
Baby_status,1710014065688701827,not crying
Baby_status,1710014070651744658,not crying
Baby_status,1710014075723675255,not crying
Baby_status,1710014081463157343,not crying
Baby_status,1710014085866677424,not crying
Baby_status,1710014090694849841,not crying
Baby_status,1710014095675538140,not crying
Baby_status,1710014101309629263,not crying
Baby_status,1710014105773217840,not crying
Baby_status,1710014110686791916,not crying
Baby_status,1710014115807579524,not crying
Baby_status,1710014121312988278,not crying
Baby_status,1710014125717251720,not crying
Baby_status,1710014130810377669,not crying
Baby_status,1710014135747294883,not crying
Baby_status,1710014141334860115,not crying
Baby_status,1710014145671817363,not crying
Baby_status,1710014150776884292,not crying
Baby_status,1710014155756166134,not crying
Baby_status,1710014161344652721,not crying
Baby_status,1710014165797013134,not crying
Baby_status,1710014170759249663,not crying
Baby_status,1710014175737900718,not crying
Baby_status,1710014181428168371,not crying
Baby_status,1710014185723871506,not crying
Baby_status,1710014190747510952,not crying
Baby_status,1710014195723529923,not crying
Baby_status,1710014201362142202,not crying
Baby_status,1710014205818445414,not crying
Baby_status,1710014210915417874,not crying
Baby_status,1710014215697391834,not crying
Baby_status,1710014221366828071,not crying
Baby_status,1710014225981592676,not crying
Baby_status,1710014230779804067,not crying
Baby_status,1710014235794611824,not crying
Baby_status,1710014241362609793,not crying
Baby_status,1710014245764907792,not crying
Baby_status,1710014250901363670,not crying
Baby_status,1710014255824747315,not crying
Baby_status,1710014261372134535,not crying
Baby_status,1710014265754405305,not crying
Baby_status,1710014270946683859,not crying
Baby_status,1710014275909763328,not crying
Baby_status,1710014281390038822,not crying
Baby_status,1710014285760419143,not crying
Baby_status,1710014290745268146,not crying
Baby_status,1710014295978934726,not crying
Baby_status,1710014301389629905,not crying
Baby_status,1710014305795834130,not crying
Baby_status,1710014310817270271,not crying
Baby_status,1710014315805914711,not crying
Baby_status,1710014321418123016,not crying
Baby_status,1710014325951793414,not crying
Baby_status,1710014330825755537,not crying
Baby_status,1710014335903685195,not crying
Baby_status,1710014341408872524,not crying
Baby_status,1710014345831642730,not crying
Baby_status,1710014350779317589,not crying
Baby_status,1710014355932477895,not crying
Baby_status,1710014361438539616,not crying
Baby_status,1710014365827125406,not crying
Baby_status,1710014370872932260,not crying
Baby_status,1710014375923980720,not crying
Baby_status,1710014381481439508,not crying
Baby_status,1710014385832273709,not crying
Baby_status,1710014390771608995,not crying
Baby_status,1710014395860734472,not crying
Baby_status,1710014401502517148,not crying
Baby_status,1710014406009698060,not crying
Baby_status,1710014410959808928,not crying
Baby_status,1710014415807999821,not crying
Baby_status,1710014421575965197,not crying
Baby_status,1710014425879720870,not crying
Baby_status,1710014431032469435,not crying
Baby_status,1710014435971596935,not crying
Baby_status,1710014441514295050,not crying
Baby_status,1710014445887674403,not crying
Baby_status,1710014450993854597,not crying
Baby_status,1710014456005805925,not crying
Baby_status,1710014461519096426,not crying
Baby_status,1710014465978155320,not crying
Baby_status,1710014470912520436,not crying
Baby_status,1710014475920154858,not crying
Baby_status,1710014481547920818,not crying
Baby_status,1710014486008489231,not crying
Baby_status,1710014491037260779,not crying
Baby_status,1710014495909861820,not crying
Baby_status,1710014501557901233,not crying
Baby_status,1710014505972172718,not crying
Baby_status,1710014510935648787,not crying
Baby_status,1710014515995184890,not crying
Baby_status,1710014521572916143,not crying
Baby_status,1710014526076321162,not crying
Baby_status,1710014530936653488,not crying
Baby_status,1710014535979653777,not crying
Baby_status,1710014541564108019,not crying
Baby_status,1710014546062161282,not crying
Baby_status,1710014551009876736,not crying
Baby_status,1710014555958344697,not crying
Baby_status,1710014561598105556,not crying
Baby_status,1710014566062695524,not crying
Baby_status,1710014570943437634,not crying
Baby_status,1710014576021605558,not crying
Baby_status,1710014581607082915,not crying
Baby_status,1710014586171212668,not crying
Baby_status,1710014590940886636,not crying
Baby_status,1710014595985228717,not crying
Baby_status,1710014601602645035,not crying
Baby_status,1710014606024714910,not crying
Baby_status,1710014610945139261,not crying
Baby_status,1710014615970104233,not crying
Baby_status,1710014621758134703,not crying
Baby_status,1710014625954561539,not crying
Baby_status,1710014630935391692,not crying
Baby_status,1710014636022487458,not crying
Baby_status,1710014641621209783,not crying
Baby_status,1710014646003229442,not crying
Baby_status,1710014650946127098,not crying
Baby_status,1710014656016146887,crying
Baby_status,1710014661609598184,crying
Baby_status,1710014666055924089,crying
Baby_status,1710014671047235934,not crying
Baby_status,1710014676025774304,not crying
Baby_status,1710014681696429557,not crying
Baby_status,1710014686061714407,not crying
Baby_status,1710014691070158187,not crying
Baby_status,1710014696057045616,not crying
Baby_status,1710014701888434285,not crying
Baby_status,1710014706048450887,not crying
Baby_status,1710014711029842741,not crying
Baby_status,1710014716109386601,not crying
Baby_status,1710014721659494044,not crying
Baby_status,1710014726024475672,not crying
Baby_status,1710014731048826060,not crying
Baby_status,1710014736058712979,not crying
Baby_status,1710014741998231437,not crying
Baby_status,1710014746856914325,not crying
Baby_status,1710014751042303683,not crying
Baby_status,1710014756100803692,not crying
Baby_status,1710014761813601659,not crying
Baby_status,1710014766324256113,n/a
Baby_status,1710014766324821110,n/a
Baby_status,1710014771052102706,not crying
Baby_status,1710014776360715042,crying
Baby_status,1710014781895133856,not crying
Baby_status,1710014786405865575,crying
Baby_status,1710014791236606675,not crying
Baby_status,1710014796165434990,crying
Baby_status,1710014801695137449,not crying
Baby_status,1710014806246752184,not crying
Baby_status,1710014811225148003,n/a
Baby_status,1710014811226653673,n/a
Baby_status,1710014816213202273,not crying
Baby_status,1710014821945174363,not crying
Baby_status,1710014826193808782,not crying
Baby_status,1710014831088231102,not crying
Baby_status,1710014836122433991,not crying
Baby_status,1710014841721040570,not crying
Baby_status,1710014850047471482,not crying
Baby_status,1710014856419209101,not crying
Baby_status,1710014856566128747,not crying
Baby_status,1710014863428085348,not crying
Baby_status,1710014874032009355,not crying
Baby_status,1710014874376021961,not crying
Baby_status,1710014876281049463,not crying
Baby_status,1710014881751526366,not crying
Baby_status,1710014886319049454,not crying
Baby_status,1710014891304949973,not crying
Baby_status,1710014896309907339,not crying
Baby_status,1710014901759953943,not crying
Baby_status,1710014906332390675,not crying
Baby_status,1710014911163399522,not crying
Baby_status,1710014916249599459,not crying
Baby_status,1710014921765409487,not crying
Baby_status,1710014926640928722,not crying
Baby_status,1710014931303064344,not crying
Baby_status,1710014936192803941,not crying
Baby_status,1710014941805336682,not crying
Baby_status,1710014946601961696,not crying
Baby_status,1710014951157941216,not crying
Baby_status,1710014956275336805,not crying
Baby_status,1710014961800755030,not crying
Baby_status,1710014966288940996,not crying
Baby_status,1710014971187569190,not crying
Baby_status,1710014976363804710,not crying
Baby_status,1710014981814817283,not crying
Baby_status,1710014986532460600,not crying
Baby_status,1710014991311890060,not crying
Baby_status,1710014996370966878,not crying
Baby_status,1710015002073417244,not crying
Baby_status,1710015006260713150,not crying
Baby_status,1710015011183860097,not crying
Baby_status,1710015016284396707,not crying
Baby_status,1710015021861119372,not crying
Baby_status,1710015026241844023,not crying
Baby_status,1710015031340874423,not crying
Baby_status,1710015036315888451,not crying
Baby_status,1710015041859064413,not crying
Baby_status,1710015046607344153,not crying
Baby_status,1710015051247869857,not crying
Baby_status,1710015056311123872,not crying
Baby_status,1710015061887751713,not crying
Baby_status,1710015066289565086,not crying
Baby_status,1710015071318481218,not crying
Baby_status,1710015076342855907,not crying
Baby_status,1710015081888517550,not crying
Baby_status,1710015086525961841,not crying
Baby_status,1710015091354950370,not crying
Baby_status,1710015096425458067,not crying
Baby_status,1710015101905244390,not crying
Baby_status,1710015106893764369,not crying
Baby_status,1710015111314605394,not crying
Baby_status,1710015116433733968,not crying
Baby_status,1710015121930573921,not crying
Baby_status,1710015126468649803,not crying
Baby_status,1710015131391383514,not crying
Baby_status,1710015136455741391,not crying
Baby_status,1710015141944311505,not crying
Baby_status,1710015146454710111,not crying
Baby_status,1710015151295589052,not crying
Baby_status,1710015156495784074,not crying
Baby_status,1710015161968189176,not crying
Baby_status,1710015166852703284,not crying
Baby_status,1710015171392855252,not crying
Baby_status,1710015176339191508,not crying
Baby_status,1710015181974118773,not crying
Baby_status,1710015186811227328,not crying
Baby_status,1710015191320020239,not crying
Baby_status,1710015196438697051,not crying
Baby_status,1710015201974883858,not crying
Baby_status,1710015206564737707,not crying
Baby_status,1710015211363884387,not crying
Baby_status,1710015216588237180,not crying
Baby_status,1710015221978402636,not crying
Baby_status,1710015226772821041,not crying
Baby_status,1710015231300276287,not crying
Baby_status,1710015236658296290,not crying
Baby_status,1710015242085081289,not crying
Baby_status,1710015246538724249,not crying
Baby_status,1710015251452760074,not crying
Baby_status,1710015256380118661,not crying
Baby_status,1710015261990567344,not crying
Baby_status,1710015266795650088,not crying
Baby_status,1710015271512450463,not crying
Baby_status,1710015276579671421,not crying
Baby_status,1710015282282680486,not crying
Baby_status,1710015287056951918,not crying
Baby_status,1710015291531321219,not crying
Baby_status,1710015296642736430,not crying
Baby_status,1710015302212050795,not crying
Baby_status,1710015306639962508,not crying
Baby_status,1710015311524988698,not crying
Baby_status,1710015316673331313,not crying
Baby_status,1710015322275838228,not crying
Baby_status,1710015326517905216,not crying
Baby_status,1710015331657602933,not crying
Baby_status,1710015336661273383,not crying
Baby_status,1710015342118953536,not crying
Baby_status,1710015346900985874,not crying
Baby_status,1710015351535775679,not crying
Baby_status,1710015356560422247,not crying
Baby_status,1710015362123208614,not crying
Baby_status,1710015366696677301,not crying
Baby_status,1710015371473695175,not crying
Baby_status,1710015376677719579,not crying
Baby_status,1710015382138731430,not crying
Baby_status,1710015386541345335,not crying
Baby_status,1710015391603081778,crying
Baby_status,1710015396778424228,not crying
Baby_status,1710015402133651071,not crying
Baby_status,1710015406932602692,not crying
Baby_status,1710015411572246945,not crying
Baby_status,1710015416660085499,not crying
Baby_status,1710015422163690628,not crying
Baby_status,1710015426629950855,not crying
Baby_status,1710015431529098443,not crying
Baby_status,1710015436614837015,not crying
Baby_status,1710015442150957560,not crying
Baby_status,1710015446603376985,not crying
Baby_status,1710015451552644543,not crying
Baby_status,1710015456665385444,not crying
Baby_status,1710015462318100830,not crying
Baby_status,1710015466838217949,not crying
Baby_status,1710015471687695644,not crying
Baby_status,1710015476538774492,not crying
Baby_status,1710015482178736335,not crying
Baby_status,1710015486730643714,not crying
Baby_status,1710015491668938351,not crying
Baby_status,1710015496677415063,not crying
Baby_status,1710015502504285011,not crying
Baby_status,1710015506703013384,not crying
Baby_status,1710015511668769954,not crying
Baby_status,1710015516679378941,not crying
Baby_status,1710015522188748543,not crying
Baby_status,1710015526840295553,not crying
Baby_status,1710015531614938374,not crying
Baby_status,1710015536647223380,not crying
Baby_status,1710015542346233066,not crying
Baby_status,1710015546699974096,not crying
Baby_status,1710015551761839720,not crying
Baby_status,1710015556699052649,not crying
Baby_status,1710015562251911191,not crying
Baby_status,1710015566707002012,not crying
Baby_status,1710015571639068599,not crying
Baby_status,1710015576718647831,not crying
Baby_status,1710015582246136818,not crying
Baby_status,1710015586850979713,not crying
Baby_status,1710015591608655133,not crying
Baby_status,1710015596715570015,not crying
Baby_status,1710015602326013304,not crying
Baby_status,1710015606656095704,not crying
Baby_status,1710015611744364659,not crying
Baby_status,1710015616719198029,crying
Baby_status,1710015622513303923,crying
Baby_status,1710015626820813368,crying
Baby_status,1710015631734892265,crying
Baby_status,1710015637091791428,crying
Baby_status,1710015642521872697,crying
Baby_status,1710015646843810263,not crying
Baby_status,1710015651729956787,not crying
Baby_status,1710015656830140561,not crying
Baby_status,1710015662686677505,not crying
Baby_status,1710015666855019613,not crying
Baby_status,1710015671686263137,not crying
Baby_status,1710015676723860391,not crying
Baby_status,1710015682331582703,not crying
Baby_status,1710015686796235497,not crying
Baby_status,1710015691797347842,not crying
Baby_status,1710015696834154460,not crying
Baby_status,1710015702376137343,not crying
Baby_status,1710015707041562972,not crying
Baby_status,1710015711797975182,not crying
Baby_status,1710015716965215601,not crying
Baby_status,1710015722357107538,not crying
Baby_status,1710015726773761448,not crying
Baby_status,1710015731766702403,not crying
Baby_status,1710015736820873634,not crying
Baby_status,1710015742588422815,not crying
Baby_status,1710015746966060364,not crying
Baby_status,1710015751879567956,not crying
Baby_status,1710015756828933729,not crying
Baby_status,1710015762406650295,not crying
Baby_status,1710015766880862513,not crying
Baby_status,1710015771836025586,not crying
Baby_status,1710015776874385992,not crying
Baby_status,1710015782436744691,not crying
Baby_status,1710015786896534947,not crying
Baby_status,1710015791881713961,not crying
Baby_status,1710015796825036541,not crying
Baby_status,1710015802446662316,not crying
Baby_status,1710015806791525093,not crying
Baby_status,1710015811856312580,not crying
Baby_status,1710015816837395765,not crying
Baby_status,1710015822457394412,not crying
Baby_status,1710015826948176370,not crying
Baby_status,1710015831859305681,not crying
Baby_status,1710015836828676685,not crying
Baby_status,1710015842458070564,not crying
Baby_status,1710015846870043619,not crying
Baby_status,1710015851824108209,not crying
Baby_status,1710015856895780263,not crying
Baby_status,1710015862464196198,not crying
Baby_status,1710015866987056739,not crying
Baby_status,1710015871861108365,not crying
Baby_status,1710015876809527718,not crying
Baby_status,1710015882479590479,not crying
Baby_status,1710015886901781529,not crying
Baby_status,1710015891941618505,not crying
Baby_status,1710015896968576395,not crying
Baby_status,1710015902482580115,not crying
Baby_status,1710015906872879808,not crying
Baby_status,1710015911857869828,not crying
Baby_status,1710015916852545888,not crying
Baby_status,1710015922486024705,not crying
Baby_status,1710015926947897452,not crying
Baby_status,1710015931944203242,not crying
Baby_status,1710015936866876112,not crying
Baby_status,1710015942508794035,not crying
Baby_status,1710015946990714508,not crying
Baby_status,1710015951878514175,not crying
Baby_status,1710015956891631585,not crying
Baby_status,1710015962616132870,not crying
Baby_status,1710015966919617128,not crying
Baby_status,1710015972050046285,not crying
Baby_status,1710015976953400395,not crying
Baby_status,1710015982529593777,not crying
Baby_status,1710015986965528833,not crying
Baby_status,1710015991920836136,not crying
Baby_status,1710015996910374856,not crying
Baby_status,1710016002540225100,not crying
Baby_status,1710016006971072515,not crying
Baby_status,1710016012041458330,not crying
Baby_status,1710016016928172170,not crying
Baby_status,1710016022538291012,not crying
Baby_status,1710016027052342797,not crying
Baby_status,1710016031994872891,not crying
Baby_status,1710016036895369692,not crying
Baby_status,1710016042544750246,not crying
Baby_status,1710016047031670519,not crying
Baby_status,1710016051940433809,not crying
Baby_status,1710016056954893192,crying
Baby_status,1710016062570471675,crying
Baby_status,1710016066990197414,crying
Baby_status,1710016072106500325,crying
Baby_status,1710016077088519308,crying
Baby_status,1710016082830745942,not crying
Baby_status,1710016086991741321,crying
Baby_status,1710016092045928009,not crying
Baby_status,1710016097029924639,crying
Baby_status,1710016102643621446,not crying
Baby_status,1710016106973667435,not crying
Baby_status,1710016112238654667,not crying
Baby_status,1710016117034011763,not crying
Baby_status,1710016122692348081,not crying
Baby_status,1710016127097315196,not crying
Baby_status,1710016132044897973,not crying
Baby_status,1710016137171291142,not crying
Baby_status,1710016142661320137,not crying
Baby_status,1710016147048685142,crying
Baby_status,1710016152139761641,not crying
Baby_status,1710016157078990901,crying
Baby_status,1710016162708635346,crying
Baby_status,1710016167380828428,not crying
Baby_status,1710016172230550553,crying
